{
  "weights": [
    49154.61550966455,
    1.278898181019347,
    -6.596453690685329,
    14.59215166959557,
    688.4445896309263,
    -0.05168389279437513,
    0.06984615061511336,
    0.1980911242346238,
    0.10696626026362084,
    -0.09919888664323347,
    -0.049995531810193394,
    0.43998911511424393,
    -0.9824253848857717,
    3.1699886370825743,
    88.64346578207373,
    -0.00652850835676627,
    0.005240491362038693,
    0.011829220441124846,
    0.0028532705975395324,
    -0.01647169511423557,
    -0.0019981385843585286,
    5.289423488576427,
    -6.697864850615166,
    42.438120474516126,
    1323.3710421792732,
    -0.05797478198593925,
    0.2485260155536022,
    0.4499508959490429,
    0.16153901825131564,
    -0.10450315465729408,
    -0.037989881458699276
  ],
  "bias": -0.7891652021089731
}