{
  "weights": [
    0.17003602918177768,
    0.1335902595600611,
    0.17820444136601243,
    0.16164111695500674,
    0.16004852773089367
  ],
  "bias": 0.015068316806069366
}